[{"pk": 1, "model": "contenttypes.contenttype", "fields": {"model": "logentry", "name": "log entry", "app_label": "admin"}}, {"pk": 2, "model": "contenttypes.contenttype", "fields": {"model": "permission", "name": "permission", "app_label": "auth"}}, {"pk": 3, "model": "contenttypes.contenttype", "fields": {"model": "group", "name": "group", "app_label": "auth"}}, {"pk": 4, "model": "contenttypes.contenttype", "fields": {"model": "user", "name": "user", "app_label": "auth"}}, {"pk": 5, "model": "contenttypes.contenttype", "fields": {"model": "contenttype", "name": "content type", "app_label": "contenttypes"}}, {"pk": 6, "model": "contenttypes.contenttype", "fields": {"model": "session", "name": "session", "app_label": "sessions"}}, {"pk": 7, "model": "contenttypes.contenttype", "fields": {"model": "migrationhistory", "name": "migration history", "app_label": "south"}}, {"pk": 8, "model": "contenttypes.contenttype", "fields": {"model": "tabsettings", "name": "tab settings", "app_label": "tab"}}, {"pk": 9, "model": "contenttypes.contenttype", "fields": {"model": "school", "name": "school", "app_label": "tab"}}, {"pk": 10, "model": "contenttypes.contenttype", "fields": {"model": "debater", "name": "debater", "app_label": "tab"}}, {"pk": 11, "model": "contenttypes.contenttype", "fields": {"model": "team", "name": "team", "app_label": "tab"}}, {"pk": 12, "model": "contenttypes.contenttype", "fields": {"model": "judge", "name": "judge", "app_label": "tab"}}, {"pk": 13, "model": "contenttypes.contenttype", "fields": {"model": "scratch", "name": "scratch", "app_label": "tab"}}, {"pk": 14, "model": "contenttypes.contenttype", "fields": {"model": "room", "name": "room", "app_label": "tab"}}, {"pk": 15, "model": "contenttypes.contenttype", "fields": {"model": "round", "name": "round", "app_label": "tab"}}, {"pk": 16, "model": "contenttypes.contenttype", "fields": {"model": "bye", "name": "bye", "app_label": "tab"}}, {"pk": 17, "model": "contenttypes.contenttype", "fields": {"model": "noshow", "name": "no show", "app_label": "tab"}}, {"pk": 18, "model": "contenttypes.contenttype", "fields": {"model": "roundstats", "name": "round stats", "app_label": "tab"}}, {"pk": 19, "model": "contenttypes.contenttype", "fields": {"model": "checkin", "name": "check in", "app_label": "tab"}}, {"pk": "lsa3wiep599axmiys3rp2a3tuatzgxk6", "model": "sessions.session", "fields": {"expire_date": "2017-05-09T20:08:16.149Z", "session_data": "NmYxNzFhOGJmOTBmYzEyZGVmNzM4NGI2NTliMWZhMjQxOGEwZTMxYjp7fQ=="}}, {"pk": "uz5yz9ca5e8qd99svj0fobuxl8isforv", "model": "sessions.session", "fields": {"expire_date": "2014-03-11T07:57:54.162Z", "session_data": "NmYxNzFhOGJmOTBmYzEyZGVmNzM4NGI2NTliMWZhMjQxOGEwZTMxYjp7fQ=="}}, {"pk": "wr8pky7pi68vujjhi0vogrtr9eua0cgx", "model": "sessions.session", "fields": {"expire_date": "2017-05-09T20:08:28.615Z", "session_data": "NzNlMzBiMjcyNzAzNzMxNmFjNDkyNTdhNzIyYzU3MDM5NjQ1ZGViZTp7Il9hdXRoX3VzZXJfYmFja2VuZCI6ImRqYW5nby5jb250cmliLmF1dGguYmFja2VuZHMuTW9kZWxCYWNrZW5kIiwiX2F1dGhfdXNlcl9pZCI6MX0="}}, {"pk": "ym53x539ruvfpjk5kgviijmajio70mf5", "model": "sessions.session", "fields": {"expire_date": "2014-03-11T08:01:52.463Z", "session_data": "NTM4M2E5MmQ4OWVkYWJhNGU2MWNiNGJhNTc5NjIxNjc1YzFmODNmODp7Il9hdXRoX3VzZXJfaWQiOjEsIl9hdXRoX3VzZXJfYmFja2VuZCI6ImRqYW5nby5jb250cmliLmF1dGguYmFja2VuZHMuTW9kZWxCYWNrZW5kIn0="}}, {"pk": "yxwvgpfwe32qp2wb0ud1hfidqe4h3sa2", "model": "sessions.session", "fields": {"expire_date": "2014-02-12T08:49:18.618Z", "session_data": "NzNlMzBiMjcyNzAzNzMxNmFjNDkyNTdhNzIyYzU3MDM5NjQ1ZGViZTp7Il9hdXRoX3VzZXJfYmFja2VuZCI6ImRqYW5nby5jb250cmliLmF1dGguYmFja2VuZHMuTW9kZWxCYWNrZW5kIiwiX2F1dGhfdXNlcl9pZCI6MX0="}}, {"pk": 1, "model": "tab.tabsettings", "fields": {"value": 1, "key": "cur_round"}}, {"pk": 2, "model": "tab.tabsettings", "fields": {"value": 5, "key": "tot_rounds"}}, {"pk": 3, "model": "tab.tabsettings", "fields": {"value": 8, "key": "var_teams_to_break"}}, {"pk": 4, "model": "tab.tabsettings", "fields": {"value": 4, "key": "nov_teams_to_break"}}, {"pk": 5, "model": "tab.tabsettings", "fields": {"value": 0, "key": "lenient_late"}}, {"pk": 6, "model": "tab.tabsettings", "fields": {"value": 45, "key": "upper_speaks"}}, {"pk": 7, "model": "tab.tabsettings", "fields": {"value": 5, "key": "lower_speaks"}}, {"pk": 8, "model": "tab.tabsettings", "fields": {"value": 0, "key": "pairing_released"}}, {"pk": 1, "model": "tab.school", "fields": {"name": "Art Merion"}}, {"pk": 2, "model": "tab.school", "fields": {"name": "Boston University"}}, {"pk": 3, "model": "tab.school", "fields": {"name": "University of Cambridge"}}, {"pk": 4, "model": "tab.school", "fields": {"name": "University of Oxford"}}, {"pk": 5, "model": "tab.school", "fields": {"name": "Tabulation College"}}, {"pk": 6, "model": "tab.school", "fields": {"name": "University of Pennsylvania"}}, {"pk": 7, "model": "tab.school", "fields": {"name": "Lannisport University"}}, {"pk": 8, "model": "tab.school", "fields": {"name": "Winterfell University"}}, {"pk": 9, "model": "tab.school", "fields": {"name": "Oxbridge University"}}, {"pk": 1, "model": "tab.debater", "fields": {"phone": "", "novice_status": 1, "name": "Peepoe", "provider": ""}}, {"pk": 2, "model": "tab.debater", "fields": {"phone": "", "novice_status": 0, "name": "Alex", "provider": ""}}, {"pk": 3, "model": "tab.debater", "fields": {"phone": "", "novice_status": 0, "name": "Beeboop", "provider": ""}}, {"pk": 4, "model": "tab.debater", "fields": {"phone": "", "novice_status": 0, "name": "Barbah", "provider": ""}}, {"pk": 5, "model": "tab.debater", "fields": {"phone": "", "novice_status": 0, "name": "Fischer", "provider": ""}}, {"pk": 6, "model": "tab.debater", "fields": {"phone": "", "novice_status": 1, "name": "Unlisted", "provider": ""}}, {"pk": 7, "model": "tab.debater", "fields": {"phone": "", "novice_status": 0, "name": "Patricia", "provider": ""}}, {"pk": 8, "model": "tab.debater", "fields": {"phone": "", "novice_status": 0, "name": "Unseeded", "provider": ""}}, {"pk": 9, "model": "tab.debater", "fields": {"phone": "", "novice_status": 0, "name": "Cyril", "provider": ""}}, {"pk": 10, "model": "tab.debater", "fields": {"phone": "", "novice_status": 0, "name": "Jill", "provider": ""}}, {"pk": 11, "model": "tab.debater", "fields": {"phone": "", "novice_status": 0, "name": "Robert", "provider": ""}}, {"pk": 12, "model": "tab.debater", "fields": {"phone": "", "novice_status": 1, "name": "Bernie", "provider": ""}}, {"pk": 13, "model": "tab.debater", "fields": {"phone": "", "novice_status": 0, "name": "Joe", "provider": ""}}, {"pk": 14, "model": "tab.debater", "fields": {"phone": "", "novice_status": 0, "name": "Stein", "provider": ""}}, {"pk": 15, "model": "tab.debater", "fields": {"phone": "", "novice_status": 1, "name": "Austin", "provider": ""}}, {"pk": 16, "model": "tab.debater", "fields": {"phone": "", "novice_status": 0, "name": "Sanders", "provider": ""}}, {"pk": 17, "model": "tab.debater", "fields": {"phone": "", "novice_status": 0, "name": "Clancy", "provider": ""}}, {"pk": 18, "model": "tab.debater", "fields": {"phone": "", "novice_status": 0, "name": "Pardon", "provider": ""}}, {"pk": 19, "model": "tab.debater", "fields": {"phone": "", "novice_status": 0, "name": "Cohen", "provider": ""}}, {"pk": 20, "model": "tab.debater", "fields": {"phone": "", "novice_status": 1, "name": "Excuse", "provider": ""}}, {"pk": 21, "model": "tab.debater", "fields": {"phone": "", "novice_status": 0, "name": "Will", "provider": ""}}, {"pk": 22, "model": "tab.debater", "fields": {"phone": "", "novice_status": 0, "name": "Hannie", "provider": ""}}, {"pk": 23, "model": "tab.debater", "fields": {"phone": "", "novice_status": 1, "name": "Miriam", "provider": ""}}, {"pk": 24, "model": "tab.debater", "fields": {"phone": "", "novice_status": 1, "name": "Listerine", "provider": ""}}, {"pk": 25, "model": "tab.debater", "fields": {"phone": "", "novice_status": 0, "name": "Meyer", "provider": ""}}, {"pk": 26, "model": "tab.debater", "fields": {"phone": "", "novice_status": 0, "name": "Kelvin", "provider": ""}}, {"pk": 27, "model": "tab.debater", "fields": {"phone": "", "novice_status": 0, "name": "Pierson", "provider": ""}}, {"pk": 28, "model": "tab.debater", "fields": {"phone": "", "novice_status": 1, "name": "Victoria", "provider": ""}}, {"pk": 29, "model": "tab.debater", "fields": {"phone": "", "novice_status": 0, "name": "Trump", "provider": ""}}, {"pk": 30, "model": "tab.debater", "fields": {"phone": "", "novice_status": 0, "name": "Mike", "provider": ""}}, {"pk": 31, "model": "tab.debater", "fields": {"phone": "", "novice_status": 1, "name": "Clinton", "provider": ""}}, {"pk": 32, "model": "tab.debater", "fields": {"phone": "", "novice_status": 1, "name": "Maikall", "provider": ""}}, {"pk": 1, "model": "tab.team", "fields": {"school": 1, "seed": 1, "name": "AM > FM", "debaters": [1, 2], "checked_in": true}}, {"pk": 2, "model": "tab.team", "fields": {"school": 1, "seed": 0, "name": "AM > XM", "debaters": [3, 4], "checked_in": true}}, {"pk": 3, "model": "tab.team", "fields": {"school": 2, "seed": 1, "name": "BU A", "debaters": [5, 6], "checked_in": true}}, {"pk": 4, "model": "tab.team", "fields": {"school": 2, "seed": 0, "name": "BU B", "debaters": [7, 8], "checked_in": true}}, {"pk": 5, "model": "tab.team", "fields": {"school": 3, "seed": 1, "name": "Cambridge Newtons", "debaters": [9, 10], "checked_in": true}}, {"pk": 6, "model": "tab.team", "fields": {"school": 3, "seed": 0, "name": "Cambridge Figs", "debaters": [11, 12], "checked_in": true}}, {"pk": 7, "model": "tab.team", "fields": {"school": 4, "seed": 1, "name": "Oxford Atkinson", "debaters": [13, 14], "checked_in": true}}, {"pk": 8, "model": "tab.team", "fields": {"school": 4, "seed": 0, "name": "Oxford is Old", "debaters": [15, 16], "checked_in": true}}, {"pk": 9, "model": "tab.team", "fields": {"school": 5, "seed": 1, "name": "Tab Intervention", "debaters": [17, 18], "checked_in": true}}, {"pk": 10, "model": "tab.team", "fields": {"school": 5, "seed": 0, "name": "Tab Scratches", "debaters": [19, 20], "checked_in": true}}, {"pk": 11, "model": "tab.team", "fields": {"school": 6, "seed": 1, "name": "Penn Meyerson", "debaters": [21, 22], "checked_in": true}}, {"pk": 12, "model": "tab.team", "fields": {"school": 6, "seed": 1, "name": "Penn Van Pelt", "debaters": [23, 24], "checked_in": true}}, {"pk": 13, "model": "tab.team", "fields": {"school": 7, "seed": 1, "name": "Lannister Tyrion", "debaters": [25, 26], "checked_in": true}}, {"pk": 14, "model": "tab.team", "fields": {"school": 7, "seed": 0, "name": "Lannister Tywin", "debaters": [27, 28], "checked_in": true}}, {"pk": 15, "model": "tab.team", "fields": {"school": 8, "seed": 1, "name": "Stark Winter", "debaters": [29, 30], "checked_in": true}}, {"pk": 16, "model": "tab.team", "fields": {"school": 8, "seed": 0, "name": "Stark Wolves", "debaters": [31, 32], "checked_in": true}}, {"pk": 1, "model": "tab.judge", "fields": {"schools": [9], "phone": "", "name": "Clark", "rank": "5", "provider": ""}}, {"pk": 2, "model": "tab.judge", "fields": {"schools": [9], "phone": "", "name": "Webley", "rank": "4", "provider": ""}}, {"pk": 3, "model": "tab.judge", "fields": {"schools": [9], "phone": "", "name": "Charles", "rank": "6", "provider": ""}}, {"pk": 4, "model": "tab.judge", "fields": {"schools": [9], "phone": "", "name": "Richards", "rank": "8", "provider": ""}}, {"pk": 5, "model": "tab.judge", "fields": {"schools": [9], "phone": "", "name": "John", "rank": "5", "provider": ""}}, {"pk": 6, "model": "tab.judge", "fields": {"schools": [9], "phone": "", "name": "Mills", "rank": "2", "provider": ""}}, {"pk": 7, "model": "tab.judge", "fields": {"schools": [9], "phone": "", "name": "Robertson", "rank": "5", "provider": ""}}, {"pk": 8, "model": "tab.judge", "fields": {"schools": [9], "phone": "", "name": "Darby", "rank": "7", "provider": ""}}, {"pk": 9, "model": "tab.judge", "fields": {"schools": [9], "phone": "", "name": "Greybird", "rank": "5", "provider": ""}}, {"pk": 10, "model": "tab.judge", "fields": {"schools": [9], "phone": "", "name": "Joshua", "rank": "3", "provider": ""}}, {"pk": 11, "model": "tab.judge", "fields": {"schools": [9], "phone": "", "name": "Graham", "rank": "7", "provider": ""}}, {"pk": 12, "model": "tab.judge", "fields": {"schools": [9], "phone": "", "name": "Matthew", "rank": "8", "provider": ""}}, {"pk": 13, "model": "tab.judge", "fields": {"schools": [9], "phone": "", "name": "Crowe", "rank": "4", "provider": ""}}, {"pk": 14, "model": "tab.judge", "fields": {"schools": [8], "phone": "", "name": "Taylor", "rank": "3", "provider": ""}}, {"pk": 15, "model": "tab.judge", "fields": {"schools": [5], "phone": "", "name": "Murray", "rank": "2", "provider": ""}}, {"pk": 16, "model": "tab.judge", "fields": {"schools": [4], "phone": "", "name": "Suffolk", "rank": "5", "provider": ""}}, {"pk": 17, "model": "tab.judge", "fields": {"schools": [3], "phone": "", "name": "Weatherby", "rank": "7", "provider": ""}}, {"pk": 18, "model": "tab.judge", "fields": {"schools": [2], "phone": "", "name": "Pitt", "rank": "5", "provider": ""}}, {"pk": 19, "model": "tab.judge", "fields": {"schools": [1], "phone": "", "name": "Dixon", "rank": "6", "provider": ""}}, {"pk": 20, "model": "tab.judge", "fields": {"schools": [8], "phone": "", "name": "Manners", "rank": "5", "provider": ""}}, {"pk": 21, "model": "tab.judge", "fields": {"schools": [6], "phone": "", "name": "Heathers", "rank": "3", "provider": ""}}, {"pk": 22, "model": "tab.judge", "fields": {"schools": [3], "phone": "", "name": "Andrew", "rank": "6", "provider": ""}}, {"pk": 23, "model": "tab.judge", "fields": {"schools": [7], "phone": "", "name": "Thomas", "rank": "5", "provider": ""}}, {"pk": 1, "model": "tab.room", "fields": {"name": "Room 1", "rank": "10"}}, {"pk": 2, "model": "tab.room", "fields": {"name": "Room 2", "rank": "9"}}, {"pk": 3, "model": "tab.room", "fields": {"name": "Room 3", "rank": "8"}}, {"pk": 4, "model": "tab.room", "fields": {"name": "Room 4", "rank": "7"}}, {"pk": 5, "model": "tab.room", "fields": {"name": "Room 5", "rank": "6"}}, {"pk": 6, "model": "tab.room", "fields": {"name": "Room 6", "rank": "5"}}, {"pk": 7, "model": "tab.room", "fields": {"name": "Room 7", "rank": "4"}}, {"pk": 8, "model": "tab.room", "fields": {"name": "Room 8", "rank": "3"}}, {"pk": 9, "model": "tab.room", "fields": {"name": "Room 9", "rank": "2"}}, {"pk": 10, "model": "tab.room", "fields": {"name": "Room 10", "rank": "1"}}, {"pk": 11, "model": "tab.room", "fields": {"name": "Room 11", "rank": "4"}}, {"pk": 12, "model": "tab.room", "fields": {"name": "Room 12", "rank": "6"}}, {"pk": 13, "model": "tab.room", "fields": {"name": "Room 13", "rank": "1"}}, {"pk": 14, "model": "tab.room", "fields": {"name": "Room 14", "rank": "7"}}, {"pk": 15, "model": "tab.room", "fields": {"name": "Room 15", "rank": "8"}}, {"pk": 1, "model": "tab.checkin", "fields": {"judge": 22, "round_number": 1}}, {"pk": 2, "model": "tab.checkin", "fields": {"judge": 22, "round_number": 2}}, {"pk": 3, "model": "tab.checkin", "fields": {"judge": 22, "round_number": 3}}, {"pk": 4, "model": "tab.checkin", "fields": {"judge": 22, "round_number": 4}}, {"pk": 5, "model": "tab.checkin", "fields": {"judge": 22, "round_number": 5}}, {"pk": 6, "model": "tab.checkin", "fields": {"judge": 3, "round_number": 1}}, {"pk": 7, "model": "tab.checkin", "fields": {"judge": 3, "round_number": 2}}, {"pk": 8, "model": "tab.checkin", "fields": {"judge": 3, "round_number": 3}}, {"pk": 9, "model": "tab.checkin", "fields": {"judge": 3, "round_number": 4}}, {"pk": 10, "model": "tab.checkin", "fields": {"judge": 3, "round_number": 5}}, {"pk": 11, "model": "tab.checkin", "fields": {"judge": 1, "round_number": 1}}, {"pk": 12, "model": "tab.checkin", "fields": {"judge": 1, "round_number": 2}}, {"pk": 13, "model": "tab.checkin", "fields": {"judge": 1, "round_number": 3}}, {"pk": 14, "model": "tab.checkin", "fields": {"judge": 1, "round_number": 4}}, {"pk": 15, "model": "tab.checkin", "fields": {"judge": 1, "round_number": 5}}, {"pk": 16, "model": "tab.checkin", "fields": {"judge": 13, "round_number": 1}}, {"pk": 17, "model": "tab.checkin", "fields": {"judge": 13, "round_number": 2}}, {"pk": 18, "model": "tab.checkin", "fields": {"judge": 13, "round_number": 3}}, {"pk": 19, "model": "tab.checkin", "fields": {"judge": 13, "round_number": 4}}, {"pk": 20, "model": "tab.checkin", "fields": {"judge": 13, "round_number": 5}}, {"pk": 21, "model": "tab.checkin", "fields": {"judge": 8, "round_number": 1}}, {"pk": 22, "model": "tab.checkin", "fields": {"judge": 8, "round_number": 2}}, {"pk": 23, "model": "tab.checkin", "fields": {"judge": 8, "round_number": 3}}, {"pk": 24, "model": "tab.checkin", "fields": {"judge": 8, "round_number": 4}}, {"pk": 25, "model": "tab.checkin", "fields": {"judge": 8, "round_number": 5}}, {"pk": 26, "model": "tab.checkin", "fields": {"judge": 19, "round_number": 1}}, {"pk": 27, "model": "tab.checkin", "fields": {"judge": 19, "round_number": 2}}, {"pk": 28, "model": "tab.checkin", "fields": {"judge": 19, "round_number": 3}}, {"pk": 29, "model": "tab.checkin", "fields": {"judge": 19, "round_number": 4}}, {"pk": 30, "model": "tab.checkin", "fields": {"judge": 19, "round_number": 5}}, {"pk": 31, "model": "tab.checkin", "fields": {"judge": 11, "round_number": 1}}, {"pk": 32, "model": "tab.checkin", "fields": {"judge": 11, "round_number": 2}}, {"pk": 33, "model": "tab.checkin", "fields": {"judge": 11, "round_number": 3}}, {"pk": 34, "model": "tab.checkin", "fields": {"judge": 11, "round_number": 4}}, {"pk": 35, "model": "tab.checkin", "fields": {"judge": 11, "round_number": 5}}, {"pk": 36, "model": "tab.checkin", "fields": {"judge": 9, "round_number": 1}}, {"pk": 37, "model": "tab.checkin", "fields": {"judge": 9, "round_number": 2}}, {"pk": 38, "model": "tab.checkin", "fields": {"judge": 9, "round_number": 3}}, {"pk": 39, "model": "tab.checkin", "fields": {"judge": 9, "round_number": 4}}, {"pk": 40, "model": "tab.checkin", "fields": {"judge": 9, "round_number": 5}}, {"pk": 1, "model": "auth.permission", "fields": {"codename": "add_logentry", "name": "Can add log entry", "content_type": 1}}, {"pk": 2, "model": "auth.permission", "fields": {"codename": "change_logentry", "name": "Can change log entry", "content_type": 1}}, {"pk": 3, "model": "auth.permission", "fields": {"codename": "delete_logentry", "name": "Can delete log entry", "content_type": 1}}, {"pk": 4, "model": "auth.permission", "fields": {"codename": "add_permission", "name": "Can add permission", "content_type": 2}}, {"pk": 5, "model": "auth.permission", "fields": {"codename": "change_permission", "name": "Can change permission", "content_type": 2}}, {"pk": 6, "model": "auth.permission", "fields": {"codename": "delete_permission", "name": "Can delete permission", "content_type": 2}}, {"pk": 7, "model": "auth.permission", "fields": {"codename": "add_group", "name": "Can add group", "content_type": 3}}, {"pk": 8, "model": "auth.permission", "fields": {"codename": "change_group", "name": "Can change group", "content_type": 3}}, {"pk": 9, "model": "auth.permission", "fields": {"codename": "delete_group", "name": "Can delete group", "content_type": 3}}, {"pk": 10, "model": "auth.permission", "fields": {"codename": "add_user", "name": "Can add user", "content_type": 4}}, {"pk": 11, "model": "auth.permission", "fields": {"codename": "change_user", "name": "Can change user", "content_type": 4}}, {"pk": 12, "model": "auth.permission", "fields": {"codename": "delete_user", "name": "Can delete user", "content_type": 4}}, {"pk": 13, "model": "auth.permission", "fields": {"codename": "add_contenttype", "name": "Can add content type", "content_type": 5}}, {"pk": 14, "model": "auth.permission", "fields": {"codename": "change_contenttype", "name": "Can change content type", "content_type": 5}}, {"pk": 15, "model": "auth.permission", "fields": {"codename": "delete_contenttype", "name": "Can delete content type", "content_type": 5}}, {"pk": 16, "model": "auth.permission", "fields": {"codename": "add_session", "name": "Can add session", "content_type": 6}}, {"pk": 17, "model": "auth.permission", "fields": {"codename": "change_session", "name": "Can change session", "content_type": 6}}, {"pk": 18, "model": "auth.permission", "fields": {"codename": "delete_session", "name": "Can delete session", "content_type": 6}}, {"pk": 19, "model": "auth.permission", "fields": {"codename": "add_migrationhistory", "name": "Can add migration history", "content_type": 7}}, {"pk": 20, "model": "auth.permission", "fields": {"codename": "change_migrationhistory", "name": "Can change migration history", "content_type": 7}}, {"pk": 21, "model": "auth.permission", "fields": {"codename": "delete_migrationhistory", "name": "Can delete migration history", "content_type": 7}}, {"pk": 22, "model": "auth.permission", "fields": {"codename": "add_tabsettings", "name": "Can add tab settings", "content_type": 8}}, {"pk": 23, "model": "auth.permission", "fields": {"codename": "change_tabsettings", "name": "Can change tab settings", "content_type": 8}}, {"pk": 24, "model": "auth.permission", "fields": {"codename": "delete_tabsettings", "name": "Can delete tab settings", "content_type": 8}}, {"pk": 25, "model": "auth.permission", "fields": {"codename": "add_school", "name": "Can add school", "content_type": 9}}, {"pk": 26, "model": "auth.permission", "fields": {"codename": "change_school", "name": "Can change school", "content_type": 9}}, {"pk": 27, "model": "auth.permission", "fields": {"codename": "delete_school", "name": "Can delete school", "content_type": 9}}, {"pk": 28, "model": "auth.permission", "fields": {"codename": "add_debater", "name": "Can add debater", "content_type": 10}}, {"pk": 29, "model": "auth.permission", "fields": {"codename": "change_debater", "name": "Can change debater", "content_type": 10}}, {"pk": 30, "model": "auth.permission", "fields": {"codename": "delete_debater", "name": "Can delete debater", "content_type": 10}}, {"pk": 31, "model": "auth.permission", "fields": {"codename": "add_team", "name": "Can add team", "content_type": 11}}, {"pk": 32, "model": "auth.permission", "fields": {"codename": "change_team", "name": "Can change team", "content_type": 11}}, {"pk": 33, "model": "auth.permission", "fields": {"codename": "delete_team", "name": "Can delete team", "content_type": 11}}, {"pk": 34, "model": "auth.permission", "fields": {"codename": "add_judge", "name": "Can add judge", "content_type": 12}}, {"pk": 35, "model": "auth.permission", "fields": {"codename": "change_judge", "name": "Can change judge", "content_type": 12}}, {"pk": 36, "model": "auth.permission", "fields": {"codename": "delete_judge", "name": "Can delete judge", "content_type": 12}}, {"pk": 37, "model": "auth.permission", "fields": {"codename": "add_scratch", "name": "Can add scratch", "content_type": 13}}, {"pk": 38, "model": "auth.permission", "fields": {"codename": "change_scratch", "name": "Can change scratch", "content_type": 13}}, {"pk": 39, "model": "auth.permission", "fields": {"codename": "delete_scratch", "name": "Can delete scratch", "content_type": 13}}, {"pk": 40, "model": "auth.permission", "fields": {"codename": "add_room", "name": "Can add room", "content_type": 14}}, {"pk": 41, "model": "auth.permission", "fields": {"codename": "change_room", "name": "Can change room", "content_type": 14}}, {"pk": 42, "model": "auth.permission", "fields": {"codename": "delete_room", "name": "Can delete room", "content_type": 14}}, {"pk": 43, "model": "auth.permission", "fields": {"codename": "add_round", "name": "Can add round", "content_type": 15}}, {"pk": 44, "model": "auth.permission", "fields": {"codename": "change_round", "name": "Can change round", "content_type": 15}}, {"pk": 45, "model": "auth.permission", "fields": {"codename": "delete_round", "name": "Can delete round", "content_type": 15}}, {"pk": 46, "model": "auth.permission", "fields": {"codename": "add_bye", "name": "Can add bye", "content_type": 16}}, {"pk": 47, "model": "auth.permission", "fields": {"codename": "change_bye", "name": "Can change bye", "content_type": 16}}, {"pk": 48, "model": "auth.permission", "fields": {"codename": "delete_bye", "name": "Can delete bye", "content_type": 16}}, {"pk": 49, "model": "auth.permission", "fields": {"codename": "add_noshow", "name": "Can add no show", "content_type": 17}}, {"pk": 50, "model": "auth.permission", "fields": {"codename": "change_noshow", "name": "Can change no show", "content_type": 17}}, {"pk": 51, "model": "auth.permission", "fields": {"codename": "delete_noshow", "name": "Can delete no show", "content_type": 17}}, {"pk": 52, "model": "auth.permission", "fields": {"codename": "add_roundstats", "name": "Can add round stats", "content_type": 18}}, {"pk": 53, "model": "auth.permission", "fields": {"codename": "change_roundstats", "name": "Can change round stats", "content_type": 18}}, {"pk": 54, "model": "auth.permission", "fields": {"codename": "delete_roundstats", "name": "Can delete round stats", "content_type": 18}}, {"pk": 55, "model": "auth.permission", "fields": {"codename": "add_checkin", "name": "Can add check in", "content_type": 19}}, {"pk": 56, "model": "auth.permission", "fields": {"codename": "change_checkin", "name": "Can change check in", "content_type": 19}}, {"pk": 57, "model": "auth.permission", "fields": {"codename": "delete_checkin", "name": "Can delete check in", "content_type": 19}}, {"pk": 1, "model": "auth.user", "fields": {"username": "tab", "first_name": "", "last_name": "", "is_active": true, "is_superuser": true, "is_staff": true, "last_login": "2017-04-25T20:08:28.613Z", "groups": [], "user_permissions": [], "password": "pbkdf2_sha256$12000$IYjTGPo4kAzd$Dv8sXYSoDPfD4VfazQyFrZE+/fLJWXcRjKETWgTmn0A=", "email": "jolynch@mit.edu", "date_joined": "2014-01-29T08:27:31Z"}}, {"pk": 2, "model": "auth.user", "fields": {"username": "entry", "first_name": "", "last_name": "", "is_active": true, "is_superuser": false, "is_staff": true, "last_login": "2014-02-25T08:02:05Z", "groups": [], "user_permissions": [28, 29, 30], "password": "pbkdf2_sha256$12000$tCOjjlLhg41g$CMKGnWPFPyyhlrMi6mJThmRkearpiSt7XWiXmVRt+xE=", "email": "", "date_joined": "2014-02-25T08:02:05Z"}}, {"pk": 1, "model": "admin.logentry", "fields": {"action_flag": 1, "action_time": "2014-02-25T08:02:05.388Z", "object_repr": "entry", "object_id": "2", "change_message": "", "user": 1, "content_type": 4}}, {"pk": 2, "model": "admin.logentry", "fields": {"action_flag": 2, "action_time": "2014-02-25T08:02:40.270Z", "object_repr": "entry", "object_id": "2", "change_message": "Changed is_staff and user_permissions.", "user": 1, "content_type": 4}}, {"pk": 3, "model": "admin.logentry", "fields": {"action_flag": 2, "action_time": "2014-02-25T08:02:51.072Z", "object_repr": "tab", "object_id": "1", "change_message": "Changed email.", "user": 1, "content_type": 4}}, {"pk": 4, "model": "admin.logentry", "fields": {"action_flag": 1, "action_time": "2017-04-25T20:11:49.507Z", "object_repr": "Maikall", "object_id": "32", "change_message": "", "user": 1, "content_type": 10}}]